# Datasets currently on data.cnra.ca.gov (2026-10-02) counted by metadata_created <= Dec 31 of year. Survivor-biased: excludes deleted datasets; harvest date != original publication date.
year,all,water_group,DWR,CDFW,SWRCB,ocean_data_partners,water_data_partners,USGS,USBR,NOAA,USFWS,USFS
2016,45,1,0,,,,,,,,,
2017,89,5,3,23,0,1,0,0,0,0,0,0
2018,386,61,41,223,0,2,16,0,0,0,0,0
2019,17931,1384,87,228,24,16055,1267,0,0,0,1,0
2020,18955,1678,165,911,27,16062,1275,84,2,65,18,2
2021,19181,1759,207,986,45,16070,1282,84,4,65,23,2
2022,19394,1787,222,1132,47,16072,1288,84,4,66,23,2
2023,20244,2037,362,1636,51,16076,1294,86,6,152,24,2
2024,20471,2090,395,1750,56,16076,1306,86,6,152,28,2
2025,20696,2151,437,1827,58,16076,1333,86,6,152,31,2
2026,21451,2275,484,2424,61,16076,1410,86,9,152,35,2
